,#,NOMBRE,PADRE,PREPARADOR,PROPIETARIO,VALOR,C.C,C.G,C.COL,GANANCIA
0,1,NAVIA (IRE),LOPE DE VEGA,G. Arizkorreta,Yeguada Rocio,42.5,5,2,3,"40,500 €"
1,2,ABU,RODERIC O'CONNOR,J.M. Osorio,Santa Bárbara,42.0,5,3,2,"34,400 €"
2,3,PRAVIA,DAWN APPROACH,G. Arizkorreta,Yeguada Rocio,41.0,4,2,2,"32,600 €"
3,4,NORAY (FR),NAAQOOS,E. Leon,Marques de Miraflores,44.0,3,2,1,"32,300 €"
4,5,CABUERNIGA (GB),TEOFILO,P. Olave,Bering,34.0,4,2,2,"29,600 €"
5,6,GREAT PROSPECTOR (IRE),ELZAAM,O. Anaya,Mallow Gran Canaria,45.5,6,3,3,"28,800 €"
6,7,ATTY PERSSE (IRE),FRANKEL,E. Leon,Marques de Miraflores,43.0,4,2,2,"28,200 €"
7,8,ATEEM (FR),DARK ANGEL,P&F Monfort,Ecurie Brillantissime,,1,1,0,"28,000 €"
8,9,AMEDEO MODIGLIANI (IRE),GALILEO,G. Arizkorreta,Yeguada Rocio,,2,1,1,"25,200 €"
9,10,RODABALLO (GB),LOPE DE VEGA,G. Arizkorreta,Pata Negra Racing,,2,2,0,"25,000 €"
10,11,CNICHT (FR),SILVER FROST,D. Henderson,Mr. Nicholas Hughes,,1,1,0,"25,000 €"
11,12,STELVIO (FR),STYLE VENDOME,J. Calderón,Nanina,,1,1,0,"21,000 €"
12,13,ROYAL DANCER (GER),AMARON,R. Martín V.,Martul,40.0,3,1,2,"18,600 €"
13,14,BOSTON BRUIN (IRE),KODIAC,J. Lopez,Enrique Fernández de Vega,38.0,5,2,3,"18,300 €"
14,15,PRINCE HAMLET (FR),SOMMERABEND,M. Delcher S.,Marques de Miraflores,,1,1,0,"18,000 €"
15,16,QATAR RIVER (FR),FRENCH FIFTEEN,B. Valentí,Rapier,41.0,2,2,0,"18,000 €"
16,17,OBANOS (IRE),PIVOTAL,E. Leon,Canter,42.0,4,3,1,"18,000 €"
17,18,EL GUANCHE (FR),POWER,A. Núñez,Toledo,43.5,2,2,0,"17,000 €"
18,19,SALAR ISLAND (ITY),SAKHEE'S SECRET,G. Arizkorreta,Nijinsky,41.0,4,2,2,"16,800 €"
19,20,HARDPIA (FR),CITYSCAPE,J.M. Osorio,El Fargue,41.0,3,1,2,"16,600 €"
20,21,ISKANDERHON (USA),EXCHANGE RATE,M. Delcher S.,Avaz Ismoilov,,1,1,0,"16,000 €"
21,22,MADIDINA (FR),MANDURO,R. Martín V.,Ecurie des Mouettes,,4,2,2,"15,900 €"
22,23,TARANTELA (FR),CAMELOT,G. Arizkorreta,Yeguada AGF,41.0,2,0,2,"15,600 €"
23,24,IRON ROCK (IRE),ROCK OF GIBRALTAR,H. Pereira,Os Coisas Doces,36.0,7,3,4,"15,300 €"
24,25,DRAPER (IRE),STARSPANGLEDBANNER,G. Arizkorreta,Plantagenet,35.0,4,2,2,"14,900 €"
25,26,HOLD ON NOW (IRE),FARHH,G. Arizkorreta,Yeguada Los Arcangeles,39.5,4,2,2,"14,700 €"
26,27,PORT GRIMAUD (IRE),DUTCH ART,M. Tellini,Shosholoza,30.0,8,2,6,"14,550 €"
27,28,URBAN ROCK (IRE),ROCK OF GIBRALTAR,M. Hernandez,Odon,39.0,5,2,3,"14,400 €"
28,29,ARAB POET (GB),POET'S VOICE,E. Leon,Rio Cubas,43.0,2,1,1,"14,400 €"
29,30,VIRREY (GB),DREAM AHEAD,G. Arizkorreta,Yeguada Rocio,41.5,3,2,1,"14,300 €"
30,31,LORDOFTHEHORIZON (FR),DANSILI,P. Olave,Santiago,42.0,3,0,3,"14,000 €"
31,32,WE KNOW (IRE),TEOFILO,E. Leon,Rio Cubas,39.5,4,1,3,"13,800 €"
32,33,BABA KARAM,BATED BREATH,O. Anaya,Reza Pazooki,38.5,4,2,2,"13,700 €"
33,34,QUINCHIA (IRE),CAMACHO,M. Alvarez,Celso Mendez,39.5,4,1,3,"13,500 €"
34,35,DOMI GO (IRE),IVAWOOD,R. Martín V.,Martul,,2,2,0,"13,500 €"
35,36,TURANDOT,ABDEL,G. Arizkorreta,Yeguada AGF,,3,2,1,"12,900 €"
36,37,BREY DE VALIENTE,SUNDAY BREAK,I. Lopez,Yeguada Valiente,33.5,6,2,4,"12,850 €"
37,38,MUGUETAJARRA,CARADAK,G. Arizkorreta,Yeguada Rocio,,5,2,3,"12,600 €"
38,39,RED LIGHT (FR),MORANDI,A. Imaz B.,Ecurie des Mouettes,,3,1,2,"12,600 €"
39,40,DEFERENCE (GB),SHOWCASING,O. Anaya,Tinerfe,37.0,5,2,3,"12,550 €"
40,41,PELLIQUERO (FR),TORONADO,J.A. Rodríguez,Cielo de Madrid,39.5,4,1,3,"12,500 €"
41,42,PUTUMAYO (FR),MYBOYCHARLIE,X. Thomas D.,Roberto Cocheteux,43.5,2,0,2,"12,500 €"
42,43,COLIBRI (IRE),REDOUTE'S CHOICE,L. Ennouni,Barra Sur,39.5,4,2,2,"12,450 €"
43,44,WINDY YORK (FR),VALE OF YORK,M. Tellini,Shosholoza,38.0,4,2,2,"12,300 €"
44,45,COSTA ESMERALDA (FR),NAAQOOS,M. Tellini,Zebra,38.0,6,2,4,"12,100 €"
45,46,TUNANTE,LIGHTNING MOON,J.A. Rodríguez,E. Perez Guzmán,,3,1,2,"12,050 €"
46,47,REINA MADRE (IRE),KINGMAN,A. Soto,Centurion,,1,1,0,"12,000 €"
47,48,PARSIFAL,RIP VAN WINKLE,G. Arizkorreta,Yeguada AGF,41.0,1,1,0,"12,000 €"
48,49,ARENAL (IRE),FOOTSTEPSINTHESAND,P. Olave,Feroz,33.5,3,2,1,"11,950 €"
49,50,DREAM OF WORDS (IRE),DREAM AHEAD,J.C. Cerqueira,Zul,40.0,3,1,2,"11,800 €"
50,51,FINTAS (GB),LOPE DE VEGA,E. Leon,Marques de Miraflores,,3,1,2,"11,750 €"
51,52,PUEYO (IRE),POUR MOI,R. Martín V.,Martul,37.0,3,1,2,"11,700 €"
52,53,RED MAN (FR),MANDURO,E. Leon,Rapier,42.0,2,2,0,"11,500 €"
53,54,SOMAHOZ (USA),VIOLENCE,P. Olave,Bering,36.0,5,1,4,"11,500 €"
54,55,BRISCOLA (GB),REDOUTE'S CHOICE,G. Arizkorreta,Tolosana,35.0,5,2,3,"11,400 €"
55,56,DOCTOR OSCAR,CARADAK,G. Arizkorreta,Sayago,40.5,2,1,1,"11,300 €"
56,57,CEFIRO (IRE),CLODOVIL,J.L. Maroto,La Toledana,43.5,2,1,1,"11,300 €"
57,58,TAGUAL (FR),FUISSE,A. Soto,LAC Internacional,32.0,6,1,5,"10,850 €"
58,59,MY FLINDERS (GB),TORONADO,G. Arizkorreta,Norris Bloodstock,37.5,2,1,1,"10,700 €"
59,60,NEW JACK SWING (IRE),DANDY MAN,O. Anaya,Reza Pazooki,35.5,4,1,3,"10,700 €"
60,61,FEDERICO (GB),ACCLAMATION,E. Leon,William Armitage,39.5,4,0,4,"10,650 €"
61,62,ORZOWEI (GB),BATED BREATH,L. Ennouni,Florines,41.0,3,1,2,"10,600 €"
62,63,POWERFUL SOLE (FR),SIR PERCY,E. Buzón,Agrado,41.0,4,1,3,"10,600 €"
63,64,KING LUD (GB),CAPE CROSS,J.M. Osorio,La Toledana,36.0,2,2,0,"10,500 €"
64,65,ALGAIDA (FR),MUHTATHIR,G. Arizkorreta,Fuente El Sol,34.5,3,3,0,"10,500 €"
65,66,SO HI STORM (IRE),HOLY ROMAN EMPEROR,J.C. Cerqueira,Mediterraneo,34.5,2,2,0,"10,500 €"
66,67,RONEO (FR),ROCK OF GIBRALTAR,M. Gomes,O Torrón,31.0,5,2,3,"10,300 €"
67,68,MELTING DEW (GB),CACIQUE,O. Anaya,Tinerfe,,4,0,4,"10,100 €"
68,69,VALE (GB),VALE OF YORK,M&M Racing,Bolak,41.5,1,1,0,"10,000 €"
69,70,EMIN (IRE),CAMELOT,E. Leon,Marques de Miraflores,45.5,1,0,1,"10,000 €"
70,71,TRONIO,PYRUS,G. Arizkorreta,La Tertulia,,3,2,1,"9,900 €"
71,72,TAZONES,CARADAK,G. Arizkorreta,Yeguada Rocio,41.5,4,0,4,"9,900 €"
72,73,RESACON (GB),MEDICEAN,J.M. Osorio,Formentor,44.0,3,0,3,"9,800 €"
73,74,CUPPACOFFEE (IRE),INTENSE FOCUS,M. Augelli,Extremeña Op,38.5,3,1,2,"9,800 €"
74,75,ALBORAN (FR),DANDY MAN,B. Moreno,Igueldo,,2,1,1,"9,800 €"
75,76,VIANA (IRE),CAMELOT,J.M. Osorio,Quinto Real,40.5,3,0,3,"9,800 €"
76,77,MACHU PICCHU,ARKAITZ,J.A. Rodríguez,Amazing Turf,,4,1,3,"9,650 €"
77,78,LADY MARENGO (IRE),BATTLE OF MARENGO,O. Anaya,Hispanica,31.5,5,1,4,"9,600 €"
78,79,MERISI (USA),ELUSIVE QUALITY,O. Anaya,Rio Cubas,39.5,4,2,2,"9,600 €"
79,80,RECUERDA (FR),MUHTATHIR,I. Lopez,Yeguada Valiente,,3,2,1,"9,500 €"
80,81,HIGHROCK BLUE,CELTIC ROCK,E. Buzón,Agrado,28.5,4,1,3,"9,500 €"
81,82,RUN RUN,DINK,M. Augelli,Karikato,24.0,4,2,2,"9,400 €"
82,83,GORMAZ,EVASIVE,G. Arizkorreta,L' Etoile,33.5,5,1,4,"9,400 €"
83,84,TE KOOP (GB),MASTERCRAFTSMAN,M. Tellini,Zebra,21.0,6,1,5,"9,400 €"
84,85,COSMIC HORIZON (IRE),EXCELEBRATION,G. Arizkorreta,Aterpe,,2,1,1,"9,100 €"
85,86,SHADAD (FR),TM FRED TEXAS,C. Gourdain,Al Shaqab Racing,46.0,1,1,0,"9,000 €"
86,87,LAKIAL (FR),DOCTOR DINO,R. Martín V.,Emilie Lafeu,33.5,2,2,0,"9,000 €"
87,88,TRUST IN YOU (FR),POUR MOI,G. Madero,Jayjo,33.5,2,2,0,"9,000 €"
88,89,TROVATORE (IRE),FULBRIGHT,G. Arizkorreta,Yeguada AGF,36.0,5,1,4,"8,900 €"
89,90,UNITED STATES,CARADAK,J.L. Maroto,Tiziano,,2,1,1,"8,900 €"
90,91,FAVEUR GRINE (GB),EXCELEBRATION,A. Soto,M'Hammed Karimine,35.0,3,1,2,"8,900 €"
91,92,CITY GENT (GB),HOLY ROMAN EMPEROR,J. Calderón,Alvela,36.0,5,1,4,"8,850 €"
92,93,NOVELA (IRE),SHOWCASING,A. Tsereteli,Reapertura,23.5,3,2,1,"8,800 €"
93,94,ASCANIO,KHELEYF,J. Salguero,Helisabel,21.0,4,1,3,"8,800 €"
94,95,STREAKER (GB),SHOWCASING,O. Anaya,Medina Diaz,38.5,4,1,3,"8,800 €"
95,96,HOLLOKO (FR),CARADAK,G. Vaz,Stand Carmo,33.5,5,1,4,"8,800 €"
96,97,SUPER JOHN (FR),POUR MOI,J.A. Rodríguez,E. Perez Guzmán,30.5,6,1,5,"8,750 €"
97,98,PRESIDENCY (GB),OASIS DREAM,J.C. Cerqueira,Zezinho,41.5,4,0,4,"8,600 €"
98,99,BILLYCOCK HILL (GB),KYLLACHY,G. Arizkorreta,Madriz,42.0,3,1,2,"8,500 €"
99,100,BANNABY'S DREAM,BANNABY,F. Rodríguez,Las Aguilas,23.5,3,1,2,"8,500 €"
100,101,KUKO (IRE),DRAGON PULSE,J. Calderón,Jerezana,,4,1,3,"8,400 €"
101,102,SALLAB (IRE),HAVANA GOLD,O. Anaya,Cartagena de Indias,44.0,2,0,2,"8,400 €"
102,103,ORBAYO (IRE),MASTERCRAFTSMAN,F. Rodríguez,Las Aguilas,28.5,4,1,3,"8,200 €"
103,104,BELLA BARONESSA (GER),MAXIOS,E. Puente,El Sable,23.0,4,2,2,"8,150 €"
104,105,IMPRESSIONANT (USA),LONHRO,G. Madero,Alisares,37.5,4,1,3,"8,150 €"
105,106,UNTITLED (FR),LOPE DE VEGA,M.J. Perez,Las Rozas,37.5,3,1,2,"8,100 €"
106,107,ZUBIETA,CARADAK,G. Arizkorreta,Yeguada Torreduero,,1,1,0,"8,000 €"
107,108,MAX'S THUNDER (IRE),NIGHT OF THUNDER,M. Delcher S.,Marques de Miraflores,,3,1,2,"8,000 €"
108,109,ADAAYLIGHT DANCER (IRE),ADAAY,G. Arizkorreta,Mad Men,,1,1,0,"8,000 €"
109,110,ARRIGUNAGA,DOCTOR DINO,M. Gomes,ACM,34.0,3,2,1,"7,900 €"
110,111,JARANA (GB),HELMET,A. Soto,Doble H,,4,1,3,"7,850 €"
111,112,HIGH BAROQUE (USA),LOOKIN AT LUCKY,T. Martins,Elevage La Reverdite,35.5,2,1,1,"7,800 €"
112,113,DANCING BALLERINA (IRE),ES QUE LOVE,J.C. Cerqueira,Europa,38.5,3,1,2,"7,800 €"
113,114,RUGBY INDUS (FR),KHELEYF,F. Rodríguez,Roberto Cocheteux,32.0,5,1,4,"7,800 €"
114,115,DANKO (GB),AUSTRALIA,R. Avial,Bernardo,,2,1,1,"7,800 €"
115,116,KARIBBEAN DREAM (FR),PYRUS,J.A. Rodríguez,Samalassa,31.5,3,1,2,"7,700 €"
116,117,BAADIRR (GB),SHOWCASING,J. Lopez,Enrique Fernández de Vega,37.5,3,1,2,"7,650 €"
117,118,PERCY GREEN (IRE),SIR PERCY,O. Anaya,El Billetero,31.5,4,1,3,"7,600 €"
118,119,NERVA,PYRUS,J. Lopez,Celso Mendez,30.0,2,1,1,"7,500 €"
119,120,KOHOOF (GB),TAMAYUZ,A. Sánchez C.,Eachway,33.0,3,1,2,"7,500 €"
120,121,BATTLE OF WATERLOO (IRE),BIG BAD BOB,O. Anaya,Diazmor,37.5,3,1,2,"7,500 €"
121,122,BRUJILDA,LIGHTNING MOON,G. Arizkorreta,Yeguada Rocio,,3,1,2,"7,500 €"
122,123,BELMONTE,MULTAZEM,J. Lopez,Il Padrino,31.0,2,2,0,"7,450 €"
123,124,MARRERO (IRE),ANJAAL,R. Martín V.,4 C,,2,1,1,"7,400 €"
124,125,MALCOLM THE PUG (IRE),ACCLAMATION,J.C. Cerqueira,David García Santana,33.5,4,1,3,"7,250 €"
125,126,QUICK ARTIST (IRE),DUTCH ART,A. Sánchez C.,Eachway,32.0,5,1,4,"7,225 €"
126,127,ILYOUCHKINE (FR),SIDESTEP,M. Delcher S.,Alain Jathiere,,1,0,1,"7,200 €"
127,128,TONDERO (FR),PLANTEUR,T. Martins,Siempre Fani,33.5,2,2,0,"7,150 €"
128,129,SOUPHA (FR),RIP VAN WINKLE,A. Soto,M'Hammed Karimine,40.0,3,1,2,"7,100 €"
129,130,BARBARIGO (IRE),CANFORD CLIFFS,E. Buzón,Agrado,40.5,2,1,1,"7,000 €"
130,131,FERJA (GB),SAKHEE,J.M. Osorio,Africa,35.5,2,1,1,"7,000 €"
131,132,BENIJO'S BRAVE,BRAVE PROSPECTOR,J.C. Cerqueira,Zezinho,37.5,5,0,5,"6,950 €"
132,133,ASTURIAS,OASIS DREAM,G. Arizkorreta,Yeguada Rocio,,3,1,2,"6,950 €"
133,134,UN MILAGRO,BATED BREATH,O. Anaya,Tinerfe,,2,1,1,"6,900 €"
134,135,GIANNINA,CARADAK,E. Leon,Marques de Miraflores,,2,1,1,"6,800 €"
135,136,RING CYCLE (GB),NORSE DANCER,J.C. Cerqueira,Bolak,41.5,2,1,1,"6,800 €"
136,137,CAÑEDO,RED JAZZ,A. Remolina,Yeguada La Llana,37.0,5,0,5,"6,800 €"
137,138,FORCE CAT (FR),CAT JUNIOR,J. Calderón,Nanina,,2,1,1,"6,800 €"
138,139,PLUNDERED (IRE),CAMACHO,A. Carrasco,Bernie,19.5,4,1,3,"6,800 €"
139,140,NICE TO MEET YOU (ITY),GLADIATORUS,M. Tellini,Margherita Tura,28.0,7,0,7,"6,725 €"
140,141,CHAPMAN BILLY (GB),POET'S VOICE,A. Núñez,Toledo,34.5,2,1,1,"6,700 €"
141,142,IRENE,RULER OF THE WORLD,G. Arizkorreta,Mediterraneo,30.0,3,1,2,"6,600 €"
142,143,TUVALU (GB),SHIROCCO,J.M. Osorio,Santa Bárbara,39.5,1,1,0,"6,500 €"
143,144,TIHANNA (IRE),MEDICEAN,F. Rodríguez,El Fargue,36.5,2,1,1,"6,500 €"
144,145,METKAIF (GB),IFFRAAJ,M. Tellini,Zebra,33.5,6,0,6,"6,500 €"
145,146,MOST EMPOWERED (IRE),SOLDIER OF FORTUNE,E. Leon,Marques de Miraflores,41.0,1,1,0,"6,500 €"
146,147,GENESSEE,HALLING,O. Anaya,Reza Pazooki,38.0,2,1,1,"6,400 €"
147,148,AS DE OROS (FR),RAJSAMAN,J.A. Rodríguez,Yepes-Montánchez,26.0,4,1,3,"6,400 €"
148,149,FARSAMAN (FR),RAJSAMAN,M. Carvalho,Agro Carvalho,28.0,3,1,2,"6,400 €"
149,150,MARCHELO (IRE),CAMELOT,R. Avial,Bernardo,,2,1,1,"6,300 €"
150,151,SIR MAURO (GB),SIR PERCY,G. Arizkorreta,Yeguada AGF,33.5,4,1,3,"6,100 €"
151,152,MANUMART (GB),MOTIVATOR,A. Remolina,Calejaña,34.0,3,1,2,"6,100 €"
152,153,ALMADURA (FR),MANDURO,R. Martín V.,Ecurie des Mouettes,,2,1,1,"6,000 €"
153,154,TOPA (IRE),VADAMOS,R. Martín V.,Martul,,1,1,0,"6,000 €"
154,155,LEE BAY (GB),CACIQUE,F. Rodríguez,Las Aguilas,25.5,3,1,2,"6,000 €"
155,156,JAROCHO,BANNABY,G. Madero,Jayjo,25.5,3,1,2,"5,950 €"
156,157,ORRI (IRE),RODERIC O'CONNOR,G. Vaz,Metaphor,32.5,3,1,2,"5,850 €"
157,158,LONDON CALLING,NEVER ON SUNDAY,A. Tsereteli,Enalto,38.5,3,0,3,"5,800 €"
158,159,SUCH PROMISE (GB),DANSILI,H. Pereira,A Granxa,27.5,4,1,3,"5,800 €"
159,160,ELLE RULES (FR),ORPEN,J.A. Rodríguez,Euphoria,,3,0,3,"5,800 €"
160,161,SIR ROQUE (FR),SIR PERCY,G. Arizkorreta,Yeguada AGF,42.0,2,1,1,"5,800 €"
161,162,ANTAR (FR),AL MAMUN MONLAU,D. Guillemin,Ch. Abdullah bin Khalifa Al Thani,,1,1,0,"5,700 €"
162,163,TIERMES,BANNABY,A. Soto,Miranda,31.0,4,0,4,"5,700 €"
163,164,ISHRAQ (FR),OASIS DREAM,E. Leon,S.Elorza Cavengt,,2,1,1,"5,700 €"
164,165,HACKNEY ROAD (GB),AQLAAM,A. Tsereteli,De La Higuera,41.0,3,0,3,"5,700 €"
165,166,LA MAL AMADA,KINGSTON HILL,E. Leon,Canter,,2,1,1,"5,650 €"
166,167,FLIGHT TO DUBAI (IRE),DUBAI DESTINATION,I. Lopez,Rio Cubas,36.0,3,1,2,"5,600 €"
167,168,IVAN EL TERRIBLE,DIKTAT,J. Lopez,Artemis,32.5,2,1,1,"5,600 €"
168,169,SAUMET (IRE),MAKFI,G. Arizkorreta,Mediterraneo,40.0,3,0,3,"5,400 €"
169,170,ORFEON (GB),AZAMOUR,J.A. Rodríguez,E. Perez Guzmán,36.5,3,1,2,"5,400 €"
170,171,VECTRA (IRE),CAMACHO,A. Tsereteli,Classic,27.5,3,1,2,"5,350 €"
171,172,FURIOSO,LUCAYAN,G. Arizkorreta,Yeguada Rocio,40.5,3,0,3,"5,300 €"
172,173,NICE PIORNO (FR),GEORGE VANCOUVER,M. Augelli,Rush Racing,28.0,3,1,2,"5,300 €"
173,174,RAPPEUR (FR),AIR EMINEM,H. Pereira,Cidade Berço,25.5,3,1,2,"5,250 €"
174,175,MISS OSIER (GB),MASTERCRAFTSMA,M. Tellini,Scuderia Dreams Road,28.5,3,1,2,"5,200 €"
175,176,GNILY (IRE),ARCANO,M. Comas,Ombra,,2,0,2,"5,100 €"
176,177,EMBAT (IRE),RODERIC O'CONNOR,J.L. Maroto,La Toledana,38.0,3,0,3,"5,100 €"
177,178,MONZALVOS,CHAMPS ELYSEES,E. Puente,Ibaita,30.5,3,1,2,"5,000 €"
178,179,GOOD TRIP,CARADAK,A. Carrasco,Valmodomus Real Estate,,1,1,0,"5,000 €"
179,180,GRANACCI (FR),EVASIVE,J. Calderón,Nanina,40.5,1,1,0,"5,000 €"
180,181,DERDAS (GB),EXCEED AND EXCEL,G. Arizkorreta,Valladolid,,1,1,0,"5,000 €"
181,182,SPINNERETT (GB),SIR PERCY,G. Rodríguez,Aires de Doñana,16.0,3,1,2,"5,000 €"
182,183,FORBAIFOR,AMERICAN POST,J. Lopez,Artemis,28.5,2,1,1,"5,000 €"
183,184,SUDAFRICA,CARADAK,G. Arizkorreta,Yeguada Donostiarra,28.5,2,1,1,"5,000 €"
184,185,PAINTBALL (FR),SIYOUNI,R. Martín V.,Ecurie des Mouettes,,1,1,0,"5,000 €"
185,186,METALLICA STAR (FR),WHIPPER,R. Martín V.,Onyarbi,,1,1,0,"5,000 €"
186,187,HIPODAMO DE MILETO (FR),FALCO,J. Calderón,Nanina,46.0,1,0,1,"5,000 €"
187,188,ABSOLUT,MOST IMPROVED,A. Tsereteli,Enalto,32.5,4,0,4,"4,950 €"
188,189,BIG MACK,CARADAK,M. Augelli,Magica,,3,1,2,"4,950 €"
189,190,LA FRISLA (GB),POET'S VOICE,M. Gomes,Jolam,27.0,4,0,4,"4,900 €"
190,191,DREAM START (GB),EXCEED AND EXCEL,J. Oliveira,Marte Wilhelmsen,34.5,2,1,1,"4,900 €"
191,192,JASMINE (POR),HIGH HOPES,G. Vaz,Quinta Das Figueiras,20.5,2,1,1,"4,900 €"
192,193,ABRANTES,CARADAK,G. Arizkorreta,Bidasoa,44.5,1,0,1,"4,800 €"
193,194,BLUEBERRY (IRE),SO YOU THINK,G. Arizkorreta,Yeguada Rocio,42.0,1,0,1,"4,800 €"
194,195,MOUNTASIR (FR),TABARAK,T. Fourcy,Ch. Abdullah bin Khalifa Al Thani,43.5,1,1,0,"4,800 €"
195,196,SHINING TORCH (IRE),DARK ANGEL,J. Salguero,Soñador,22.0,2,1,1,"4,800 €"
196,197,ZASCANDIL (FR),MOTIVATOR,A. Remolina,Bloke,43.5,2,1,1,"4,700 €"
197,198,EMINENCE (IRE),SEA THE STARS,G. Arizkorreta,Yeguada Rocio,,3,0,3,"4,700 €"
198,199,MIDNIGHT STAR (POR),DINK,D.Teixeira,Silver,27.5,4,1,3,"4,700 €"
199,200,NYALA (GB),VALE OF YORK,M. Augelli,Bolak,28.5,3,1,2,"4,600 €"
200,201,VELETA,CARADAK,M.J. Perez,Septimo Arte,30.5,2,1,1,"4,500 €"
201,202,NATURAL TALENT,LIGHTNING MOON,G. Arizkorreta,Nunca se sabe,,1,1,0,"4,500 €"
202,203,CAROLINI (FR),CARADAK,O. Anaya,Reza Pazooki,33.0,1,1,0,"4,500 €"
203,204,GIRON (IRE),TIN HORSE,M.J. Perez,Las Rozas,34.0,1,1,0,"4,500 €"
204,205,ZIBARY (FR),ZANZIBARI,C. Fernández,Habit,27.5,1,1,0,"4,500 €"
205,206,INTOCABLE (IRE),SWISS SPIRIT,P. Olave,Alex y Sofía,32.0,4,0,4,"4,500 €"
206,207,NOLI ME TANGERE (FR),ANODIN,P. Olave,Ten Fe,33.0,1,1,0,"4,500 €"
207,208,GUINESS D'VIALETTES (FR),AF ALBAHAR,Mme JF Bernard,Jean-Pierre Raynal,,1,1,0,"4,500 €"
208,209,POWER AND PEACE (IRE),ARCANO,J.L. Maroto,Palco 7,36.5,1,1,0,"4,500 €"
209,210,LEGIONARIO (GB),TORONADO,J.M. Osorio,Santa Bárbara,33.0,1,1,0,"4,500 €"
210,211,TEMPLE CHURCH (IRE),LAWMAN,O. Anaya,Salvador Márquez,,1,1,0,"4,500 €"
211,212,KOSCIUSZKO (IRE),AUSTRALIA,G. Arizkorreta,Medreal,,1,1,0,"4,500 €"
212,213,BERTUCHI,ELTSO,J. Lopez,Yeguada Iliberis,30.0,3,1,2,"4,450 €"
213,214,DARK PROFIT (IRE),DARK ANGEL,A. Carrasco,Mazantinni,38.5,2,0,2,"4,400 €"
214,215,RADAMES (IRE),ROCK OF GIBRALTAR,G. Arizkorreta,Yeguada AGF,36.0,2,1,1,"4,400 €"
215,216,PULSING DRAGON (FR),DRAGON PULSE,O. Anaya,El Billetero,25.0,2,1,1,"4,350 €"
216,217,DOBLE O NADA (FR),WAY OF LIGHT,G. Madero,Jayjo,25.0,2,1,1,"4,350 €"
217,218,CAMALEON (IRE),POUR MOI,J.L. Maroto,Odisea,32.5,3,0,3,"4,300 €"
218,219,MEDICEAN BLUE (GB),MEDICEAN,J.L. Maroto,Tiziano,37.5,4,0,4,"4,300 €"
219,220,CITY MASTER (GB),MASTERCRAFTSMAN,J.C. Cerqueira,Marisol,31.0,4,0,4,"4,300 €"
220,221,NAYADE (GB),MUKHADRAM,P. Olave,Aldovea,34.5,3,0,3,"4,250 €"
221,222,ISABELA (FR),HUNTER'S LIGHT,G. Arizkorreta,Mediterraneo,,2,0,2,"4,200 €"
222,223,ZINZA,LUCAYAN,J.C. Rosell,Gran Elenco,20.5,2,1,1,"4,200 €"
223,224,ZERI (FR),RAJSAMAN,M. Alonso R.,Yeguada Escalona,27.5,2,1,1,"4,200 €"
224,225,PARABAK (FR),MAXIOS,I. Lopez,Rio Cubas,36.5,4,0,4,"4,150 €"
225,226,HOT SPOT (IRE),SIYOUNI,G. Vaz,Best Horse,31.0,1,1,0,"4,000 €"
226,227,PALAKIN BARELIERE (FR),PALAMOSS,A. Soto,Neo,27.5,1,1,0,"4,000 €"
227,228,EINAR (IRE),GEORGE VANCOUVER,J. Lopez,Bernie,39.0,1,1,0,"4,000 €"
228,229,ROYAL DESTINY (GB),GARSWOOD,G. Vaz,Stand Carmo,24.0,5,0,5,"4,000 €"
229,230,GRISGRISES (FR),RIP VAN WINKLE,I. Lopez,Rio Cubas,35.0,1,1,0,"4,000 €"
230,231,SUPER EVA,ELTSO,M.J. Perez,Popurri,27.5,1,1,0,"4,000 €"
231,232,DAJLA (GB),SHOWCASING,G. Arizkorreta,Yeguada Rocio,,2,0,2,"4,000 €"
232,233,GARMAR,BANNABY,R. Costa,Costa La Vall,27.0,1,1,0,"4,000 €"
233,234,DROVER (GB),FOXWEDGE,M. Tellini,Patrizia Rossana Testa,29.5,4,0,4,"3,950 €"
234,235,TRESEFES,ABDEL,B. Rama,Zurraquín,,3,0,3,"3,900 €"
235,236,HAVANA MAGIC (GB),HAVANA GOLD,O. Anaya,Mallow Gran Canaria,24.5,2,1,1,"3,900 €"
236,237,KUVASZ (FR),SLICKLY,O. Anaya,Sian Ka'an,34.0,3,0,3,"3,850 €"
237,238,TILO (IRE),SEPOY,P. Olave,Jose Ignacio Olave,33.5,3,0,3,"3,850 €"
238,239,ALADIERNA,AMERICAN POST,Ch. Delcher,Deldan,25.5,2,1,1,"3,850 €"
239,240,TITO (FR),NEW APPROACH,G. Arizkorreta,Yeguada AGF,,2,0,2,"3,800 €"
240,241,COYOTE DAX,VISINDAR,A. Núñez,Toledo,18.5,5,0,5,"3,800 €"
241,242,SCALACH (IRE),NEW BAY,R. Martín V.,Martul,,2,0,2,"3,800 €"
242,243,ZALEJ AL CHAM (FR),AZADI,T. Fourcy,Al Shaqab Racing,47.0,1,0,1,"3,700 €"
243,244,GRILO (GB),ANJAAL,H. Pereira,Nossa Senhora Do Vale,,4,0,4,"3,700 €"
244,245,ALEJANDRIA (FR),ALEXANDROS,F. Pérez,San Marcos,33.0,4,0,4,"3,675 €"
245,246,VITRA DE VALIENTE,AYANZ,I. Lopez,Yeguada Valiente,27.0,3,0,3,"3,650 €"
246,247,GUERREIRA (GB),FREE EAGLE,H. Pereira,Nossa Senhora Do Vale,,1,0,1,"3,600 €"
247,248,LONE PEAK (FR),LOPE DE VEGA,J.C. Cerqueira,Zul,,1,1,0,"3,500 €"
248,249,ZEEBULLET (FR),ZEBEDEE,J.C. Rosell,Dieciséis,27.5,2,0,2,"3,500 €"
249,250,GALAXY (USA),SUPER SAVER,A. Núñez,Toledo,31.5,3,0,3,"3,500 €"
250,251,RED ONION (GB),FAST COMPANY,G. Vaz,Best Horse,41.0,1,1,0,"3,500 €"
251,252,SA CALOBRA (GB),POET'S VOICE,J.M. Osorio,Africa,,3,0,3,"3,500 €"
252,253,LIO (GER),SOLDIER HOLLOW,M. Alvarez,Celso Mendez,,2,0,2,"3,400 €"
253,254,ATLANTICO (GER),DABIRSIM,A. Tsereteli,Reapertura,26.0,3,0,3,"3,400 €"
254,255,BARRY LYNDON (FR),SCALO,I. Lopez,Rio Cubas,34.5,3,0,3,"3,300 €"
255,256,EL INGRATO (FR),TORONADO,R. Avial,Bernardo,36.5,4,0,4,"3,300 €"
256,257,ST PETERS BASILICA (IRE),GALILEO,J. Lopez,Enrique Fernández de Vega,29.0,4,0,4,"3,200 €"
257,258,IDEAL,LIGHTNING MOON,G. Arizkorreta,El Giraldillo,,1,0,1,"3,200 €"
258,259,HATHA (GB),ACCLAMATION,H. Pereira,A Granxa,19.5,3,0,3,"3,150 €"
259,260,ANGEL DOWN (GB),KYLLACHY,G. Arizkorreta,Aldara,37.5,3,0,3,"3,050 €"
260,261,NUR,LIGHTNING MOON,O. Anaya,Reza Pazooki,,2,0,2,"3,000 €"
261,262,KASPAR (FR),PEDRO THE GREAT,E. Buzón,Salvador Márquez,,2,0,2,"3,000 €"
262,263,ROSY MOON (FR),ALEX THE WINNER,R. Martín V.,Ecurie des Mouettes,38.5,1,0,1,"3,000 €"
263,264,FASHIONATA (IRE),FAST COMPANY,M. Tellini,Patrizia Rossana Testa,26.0,3,0,3,"3,000 €"
264,265,BELGE MENCI (GER),AUTHORIZED,M. Augelli,Magica,16.5,4,0,4,"2,900 €"
265,266,NATALMA AL MAURY (FR),DAHESS,O. Trigodet,Renee-Laure Koch,,2,0,2,"2,870 €"
266,267,BELLA CANARIAS (IRE),RIP VAN WINKLE,E. Puente,El Sable,17.5,2,0,2,"2,800 €"
267,268,PRODIGIOUS (FR),NATHANIEL,R. Martín V.,Ecurie des Mouettes,,2,0,2,"2,800 €"
268,269,MOLLY KING (GER),LANDO,J.A. Rodríguez,Samalassa,42.0,2,0,2,"2,800 €"
269,270,AMAZING RED (IRE),TEOFILO,ED. Dunlop,The Hon R J Arculli,,1,0,1,"2,800 €"
270,271,WAR TIGRESS (IRE),SLADE POWER,A. Carrasco,Mazantinni,30.0,3,0,3,"2,700 €"
271,272,GUERATY (FR),CAPTAIN CHOP,R. Martín V.,4 C,39.0,2,0,2,"2,650 €"
272,273,MR HOBBS (GB),HARBOUR WATCH,J.C. Cerqueira,Marisol,33.0,3,0,3,"2,650 €"
273,274,MONTERREDONDO (GB),HEERAAT,L. Ennouni,El Retorno,,1,0,1,"2,600 €"
274,275,ANGLIRU (IRE),RAVEN'S PASS,M. Alvarez,Celso Mendez,29.0,2,0,2,"2,600 €"
275,276,APUJAMI,PYRUS,F. Pérez,Balcón de Telde,,2,0,2,"2,600 €"
276,277,SANBLASS,LATE TELEGRAPH,E. Puente,Buelna Equii,,3,0,3,"2,550 €"
277,278,ELAMIRR (IRE),EXCEED AND EXCEL,M. Augelli,Umami,39.0,2,0,2,"2,500 €"
278,279,KARLUVY,KARLUV MOST,O. Anaya,A' Casiña,,3,0,3,"2,450 €"
279,280,KARACAS,CARADAK,A. Tsereteli,Asoc. Cielo - Enalto,28.0,2,0,2,"2,450 €"
280,281,DELTA CRUCIS (GB),EXCHANGE RATE,F. Rodríguez,Las Aguilas,25.0,2,0,2,"2,400 €"
281,282,SPORT DREAM (FR),DREAM AHEAD,M. Delcher S.,Marques de Miraflores,,1,0,1,"2,400 €"
282,283,ABUNDANCIA (FR),DABIRSIM,J. Calderón,Alvela,,2,0,2,"2,400 €"
283,284,ZIPAQUIRA (GB),CHARM SPIRIT,A. Soto,H V,,1,0,1,"2,400 €"
284,285,RISCHIATUTTO (IRE),EXCELLENT ART,J. Oliveira,Maia Lidador,35.0,1,0,1,"2,400 €"
285,286,CIRIACO,CARADAK,G. Arizkorreta,Rio Aulencia,30.0,3,0,3,"2,400 €"
286,287,EL SALADILLO (IRE),BUNGLE INTHEJUNGLE,J.L. Maroto,Becares,32.0,2,0,2,"2,400 €"
287,288,ANFION,MANDURO,J.M. Osorio,Duque de Alburquerque,32.0,2,0,2,"2,400 €"
288,289,NADER,FOOTSTEPSINTHESAND,O. Anaya,Reza Pazooki,33.0,3,0,3,"2,350 €"
289,290,RANNAN (GB),NO RISK AL MAURY,T. Fourcy,Ec. Royales D'Oman,,1,0,1,"2,280 €"
290,291,APRADA (IRE),CAMACHO,T. Martins,Elevage La Reverdite,35.5,3,0,3,"2,250 €"
291,292,BEATRIZITA,PYRUS,F. Rodríguez,Roberto Cocheteux,,2,0,2,"2,250 €"
292,293,SOPHIE LINDA (IRE),ANJAAL,E. Buzón,Novum Stables,30.5,3,0,3,"2,200 €"
293,294,SISON (FR),RAIL LINK,A. Soto,LAC Internacional,29.5,2,0,2,"2,200 €"
294,295,LITTLE LULU (IRE),MUHAARAR,H. Pereira,Paulo Alves Junior,25.5,3,0,3,"2,150 €"
295,296,JUST ONE LOOK,KHELEYF,R. Avial,Lucarmada,29.5,3,0,3,"2,100 €"
296,297,TRECE (IRE),SLADE POWER,J.C. Cerqueira,Belen,35.5,1,0,1,"2,000 €"
297,298,ELUAN (GB),WAR COMMAND,R. Martín V.,Martul,39.5,2,0,2,"2,000 €"
298,299,COSSIO,PYRUS,M&M Racing,Incitatus Racing,35.5,1,0,1,"2,000 €"
299,300,VICTORIA FALLS (FR),CASAMENTO,J.A. Rodríguez,E. Perez Guzmán,26.5,2,0,2,"2,000 €"
300,301,ROLA (FR),KENDARGENT,J.M. Osorio,La Toledana,,2,0,2,"2,000 €"
301,302,FOOTMAR (FR),FOOTSTEPSINTHESAND,J.A. Rodríguez,Colisa,31.0,1,0,1,"2,000 €"
302,303,PALACE GUARD (IRE),SHAMARDAL,D. Farlete,Alegre,23.5,3,0,3,"1,900 €"
303,304,HA CHOP (FR),VALE OF YORK,J. Calderón,Inguis S.C.,,2,0,2,"1,900 €"
304,305,HAZZAM (FR),AL MAMUN MONLAU,T. Fourcy,Al Shaqab Racing,,1,0,1,"1,870 €"
305,306,MISS BOUM AL MAURY (FR),BOUM DE GHAZAL,Mme JF Bernard,Moh. Fah. Ah Al Attiyah,43.5,1,0,1,"1,850 €"
306,307,MR AXEL (IRE),FASTNET ROCK,B. Rama,Racing Pardo,37.5,3,0,3,"1,850 €"
307,308,CELESTIN'S (GB),CACIQUE,R. Costa,Costa La Vall,28.5,2,0,2,"1,800 €"
308,309,STORMY DANCE (FR),STORMY RIVER,E. Puente,El Sable,13.5,2,0,2,"1,800 €"
309,310,DOM ALVARO,ANODIN,P. Olave,Cielo de Madrid,39.5,1,0,1,"1,800 €"
310,311,LADY TRINITY (FR),WOOTTON BASSETT,E. Leon,Marques de Miraflores,37.0,1,0,1,"1,800 €"
311,312,BACIVER (FR),MAKFI,G. Arizkorreta,Mediterraneo,,2,0,2,"1,800 €"
312,313,YIYE (GB),CHAMPS ELYSEES,A. Soto,Outsider Racing Project,28.5,4,0,4,"1,800 €"
313,314,ASCENSION DIRECTE (FR),AIR CHIEF MARSHAL,R. Avial,Lucarmada,32.0,2,0,2,"1,750 €"
314,315,SISTER MOON (FR),SINNDAR,R. Martín V.,Onyarbi,28.0,2,0,2,"1,750 €"
315,316,NUBE CANARIA,CELTIC ROCK,B. Rama,Adriana,,1,0,1,"1,700 €"
316,317,NEW IALY BARELIERE (FR),NEW VERT,R. Martín V.,Julián Vieitez Barreiro,36.5,2,0,2,"1,700 €"
317,318,FROZEN,ABDEL,A. Soto,El Giraldillo,22.0,2,0,2,"1,650 €"
318,319,SHADES OF MIST (GB),LILBOURNE LAD,G. Rodríguez,Los Niños,23.5,1,0,1,"1,600 €"
319,320,SATINE ROUGE (IRE),HELMET,J. Lopez,Il Padrino,28.5,1,0,1,"1,600 €"
320,321,CRIMSON MYSTERY (IRE),SHAMARDAL,J. Oliveira,Anjos Selvagens,27.5,1,0,1,"1,600 €"
321,322,LIGHTNINGSUN,LIGHTNING MOON,A. Carrasco,Valmodomus Real Estate,,1,0,1,"1,600 €"
322,323,VOLGAR (IRE),DREAM AHEAD,G. Madero,Volgar,32.0,1,0,1,"1,600 €"
323,324,QUIEBRO,PYRUS,J. Lopez,Celso Mendez,29.0,1,0,1,"1,600 €"
324,325,BARENTON (FR),RAJSAMAN,J.M. Da Silva,Silver,34.5,1,0,1,"1,600 €"
325,326,SIR IKER (FR),TORONADO,G. Arizkorreta,Yeguada AGF,36.0,2,0,2,"1,550 €"
326,327,ELMIRA,ORPEN,J.A. Rodríguez,4 C,25.5,2,0,2,"1,500 €"
327,328,NURIA (POR),LORGAN,G. Vaz,Best Horse,25.5,2,0,2,"1,500 €"
328,329,ELYSIAN STAR (FR),CHAMPS ELYSEES,B. Moreno,Igueldo,37.0,2,0,2,"1,450 €"
329,330,CE LA VIE (GB),DUTCH ART,D. Farlete,Alegre,29.0,2,0,2,"1,450 €"
330,331,HEADHUNTER (FR),STYLE VENDOME,J.L. Maroto,Palco 7,,2,0,2,"1,450 €"
331,332,QUILOMBO (FR),CAMELOT,E. Puente,El Sable,33.0,1,0,1,"1,400 €"
332,333,OSA MAYOR,LIGHTNING MOON,T. Martins,Rocco's,,2,0,2,"1,400 €"
333,334,DUENDECILLO,VISINDAR,R. Aón,Bobby,21.0,2,0,2,"1,350 €"
334,335,ASTRONAUT (GB),OLYMPIC GLORY,J.L. Maroto,Elama,40.5,1,0,1,"1,300 €"
335,336,MRS JENNINGS (GB),HAVANA GOLD,Ch. Delcher,Deldan,,1,0,1,"1,300 €"
336,337,HOLISTIC APPROACH (IRE),NEW APPROACH,A. Sánchez C.,El Capricho,31.5,2,0,2,"1,300 €"
337,338,ALASKA,ABDEL,R. Avial,Kotarro,27.0,2,0,2,"1,300 €"
338,339,RAMIRIQUI (FR),LUCAYAN,F. Rodríguez,Anthony Dennis Forde,27.5,2,0,2,"1,300 €"
339,340,TRUHAN (GB),DREAM AHEAD,J.A. Rodríguez,E. Perez Guzmán,36.0,2,0,2,"1,300 €"
340,341,NAPANOOK (GB),CHARM SPIRIT,J.L. Maroto,La Toledana,38.0,1,0,1,"1,200 €"
341,342,LUCRECIA BORGIA (FR),YOUMZAIN,R. Martín V.,4 C,,1,0,1,"1,200 €"
342,343,PONT DE RUDA (IRE),ZOFFANY,G. Arizkorreta,Mediterraneo,,1,0,1,"1,200 €"
343,344,BRANDON (FR),SHOWCASING,A. Carrasco,Hermanos Aboín,26.5,2,0,2,"1,200 €"
344,345,VOUCH (GB),BOBBY'S KITTEN,G. Arizkorreta,Norris Bloodstock,,1,0,1,"1,200 €"
345,346,ROMELIA,MULTAZEM,J. Lopez,Il Padrino,27.0,2,0,2,"1,200 €"
346,347,KITTY MARION (GB),IFFRAAJ,G. Arizkorreta,Factor Sorpresa,,2,0,2,"1,200 €"
347,348,LAJEEN (GB),SEPOY,A. Tsereteli,Jacal,25.5,2,0,2,"1,200 €"
348,349,FIRST CORNILLIERE (FR),RAJSAMAN,D.Teixeira,Pereira Pereira Joker,,2,0,2,"1,150 €"
349,350,RIGHT CONNECTION (GB),BEAT HOLLOW,I. Lopez,Ivan Lopez Racing,35.5,2,0,2,"1,150 €"
350,351,GRACE'S SECRET (GB),MASTERCRAFTSMAN,J.A. Rodríguez,La Hora del Turf,34.0,2,0,2,"1,150 €"
351,352,BOVARY DE POMPADOUR (FR),MADJANI,F. Sanchez,Frederic Sanchez,,1,0,1,"1,140 €"
352,353,UDALLA (IRE),DREAM AHEAD,P. Olave,Bering,39.0,1,0,1,"1,100 €"
353,354,BRIAREO (IRE),ABDEL,J.M. Osorio,Duque de Alburquerque,39.5,2,0,2,"1,100 €"
354,355,SAMANTHA STAR,SEPOY,L. Ennouni,El Retorno,,2,0,2,"1,050 €"
355,356,BIRDIE (FR),MOTIVATOR,D.Teixeira,C. Superm. Cardoso,27.0,2,0,2,"1,050 €"
356,357,EDDIE COCHRAN (IRE),SOCIETY ROCK,O. Anaya,Carbial,,2,0,2,"1,050 €"
357,358,ROMPEVALLAS,CELTIC ROCK,J. Salguero,Los Niños,,1,0,1,"1,000 €"
358,359,STONEBRIDGE (FR),SILVER FROST,C. Alonso,Patricia Peinado,37.0,1,0,1,"1,000 €"
359,360,CHICAGO DREAM (IRE),DREAM AHEAD,J.C. Cerqueira,Belen,28.5,1,0,1,"1,000 €"
360,361,NAVABUENA (IRE),HARBOUR WATCH,O. Anaya,Dariush Khan,,1,0,1,"1,000 €"
361,362,VARIJOUN (FR),CANFORD CLIFFS,B. Moreno,3-40,,1,0,1,"1,000 €"
362,363,ROCKOLA,CELTIC ROCK,A. Tsereteli,Enalto,30.0,1,0,1,"1,000 €"
363,364,GABY DE FAUST (FR),DAHESS,D. Watrigant,Laura Perez,41.0,1,0,1,960 €
364,365,NEW BARELIERE (FR),PALAMOSS,G. Arizkorreta,Valladolid,36.0,2,0,2,950 €
365,366,HALISCO (FR),JOSCO DU CAYROU,T. Fourcy,Laure Giethlen,,1,0,1,930 €
366,367,EL CORRO (FR),DABIRSIM,R. Avial,Equhipo,,1,0,1,900 €
367,368,WHITE SOCK,LIGHTNING MOON,P. Olave,Nunca se sabe,,1,0,1,900 €
368,369,VIENTO SUR (IRE),POET'S VOICE,O. Anaya,Anaiak,32.5,1,0,1,900 €
369,370,REY (FR),ANABAA BLUE,R. Avial S.,Rober,,1,0,1,900 €
370,371,NEW ADELE (FR),PLANTEUR,G. Madero,Jayjo,,1,0,1,900 €
371,372,LINDA (IRE),HUNTER'S LIGHT,E. Leon,Tonetti Racing,32.0,1,0,1,900 €
372,373,MELODY FRANCE (FR),HURRICANE CAT,O. Anaya,Luchana,,2,0,2,900 €
373,374,CECILIUS,CARADAK,M. Alvarez,Celso Mendez,32.0,2,0,2,850 €
374,375,LADY LOLA,MANDURO,B. Rama,Brazacorta,25.0,1,0,1,800 €
375,376,MY FERLOMA (FR),SPEEDMASTER,J. Oliveira,Mendes E Sa Couto,13.5,1,0,1,800 €
376,377,BRANCO,VISON CELEBRE,J. Horcajada,Yeguada Cortiñal,27.5,1,0,1,800 €
377,378,BANK GUARANTEE (USA),FIRST DEFENCE,T. Martins,Elevage La Reverdite,38.0,1,0,1,800 €
378,379,EL JUNCO (FR),STYLE VENDOME,G. Vaz,Best Horse,34.0,1,0,1,800 €
379,380,PLANETARIUM (FR),EXOSPHERE,A. Imaz B.,Ecurie des Mouettes,,1,0,1,800 €
380,381,REINE D'UN SOIR (FR),CAT JUNIOR,O. Anaya,Julián Vieitez Barreiro,25.5,1,0,1,800 €
381,382,FEE DU BIEN (FR),WALDPARK,G. Arizkorreta,Doha Horse Club,33.0,2,0,2,800 €
382,383,GIBRALWAR (FR),ROCK OF GIBRALTAR,O. Anaya,Salvador Márquez,42.0,1,0,1,800 €
383,384,LUCKY BEAU (IRE),BRAZEN BEAU,A. Soto,El Verdugal,29.5,1,0,1,800 €
384,385,PLANTER DE VALIENTE,PLANTEUR,I. Lopez,Yeguada Valiente,29.0,2,0,2,750 €
385,386,LUCKY LAWYER (GB),MUHTATHIR,I. Elarre,Alvela,25.5,1,0,1,700 €
386,387,NEFILO (FR),TEOFILO,B. Valentí,Rapier,,1,0,1,700 €
387,388,NORDESTE (FR),HOLY ROMAN EMPEROR,A. Remolina,Remolina,,1,0,1,700 €
388,389,DIBOY (FR),KENDARGENT,O. Anaya,El Billetero,19.5,1,0,1,700 €
389,390,TARGET ZONE (GB),CHAMPS ELYSEES,G. Vaz,Best Horse,,1,0,1,650 €
390,391,BUTHELA (FR),ACCLAMATION,E. Leon,Odriozola - Miraflores,,1,0,1,650 €
391,392,REY ANTONI,CARADAK,G. Arizkorreta,Yeguada AGF,33.0,1,0,1,650 €
392,393,OSIRIS DA TORRE (POR),LORGAN,M. Carvalho,Agro Carvalho,,1,0,1,650 €
393,394,HADDAF (IRE),DAWN APPROACH,O. Anaya,Rio Cubas,,1,0,1,650 €
394,395,KING MALPIC (FR),KINGS BEST,R. Martín V.,Emilie Lafeu,,1,0,1,650 €
395,396,SANXENXO,MEDICEAN,G. Arizkorreta,Yeguada AGF,28.0,2,0,2,650 €
396,397,TALES (GB),PYRUS,J.M. Osorio,Duque de Alburquerque,29.0,1,0,1,600 €
397,398,HADES (IRE),AUSTRALIA,J.M. Osorio,Duque de Alburquerque,,1,0,1,600 €
398,399,WAR AND GLORY (IRE),WAR COMMAND,J. Lopez,Asturleña,36.0,1,0,1,600 €
399,400,KISMAR (IRE),THE CARBON UNIT,J.A. Rodríguez,Royal Gait,21.5,2,0,2,600 €
400,401,TREGUA (FR),MOTIVATOR,G. Arizkorreta,Aterpe,42.0,1,0,1,600 €
401,402,KENDAYA (IRE),FREE EAGLE,E. Buzón,Agrado,,1,0,1,600 €
402,403,QUEPOS (FR),AL TAIR,T. Fourcy,Haras Du Gr. Courgeon,,1,0,1,570 €
403,404,YANEDA (GB),LUCAYAN,B. Rama,Zurraquín,34.0,1,0,1,550 €
404,405,LIBERRI (IRE),CAMELOT,J.M. Osorio,Quinto Real,40.0,1,0,1,550 €
405,406,DIMAX (IRE),CAMACHO,J.C. Cerqueira,Delmar,,1,0,1,500 €
406,407,BIELVA (GB),CHARM SPIRIT,P. Olave,Bering,39.5,1,0,1,500 €
407,408,TADI'S ROCK,CELTIC ROCK,D. Díez,T. Diez,,1,0,1,500 €
408,409,GOSPODIN,ALEXANDROS,M.J. Perez,Las Rozas,29.0,1,0,1,500 €
409,410,DANZIG DE SAON (FR),YOUMZAIN,D. Sousa,Pedra Bela,25.5,1,0,1,500 €
410,411,ALMMAJID (GB),NO RISK AL MAURY,D. Watrigant,Hamdan Al Maktoum,,1,0,1,500 €
411,412,HOLLABACK GIRL (GB),CAMACHO,H. Pereira,Nossa Senhora Do Vale,25.5,1,0,1,500 €
412,413,QUELLE FORME (FR),FUISSE,M. Carvalho,Agro Carvalho,,1,0,1,500 €
413,414,YOUNG BERNIE (GB),SIXTIES ICON,H. Pereira,Espectáculo,30.0,1,0,1,500 €
414,415,KIKO (GB),BAHAMIAN BOUNTY,I. Lopez,Rio Cubas,30.0,1,0,1,500 €
415,416,SATIN CHIC (GB),MONSIEUR BOND,J.C. Cerqueira,Zul,27.5,1,0,1,500 €
416,417,TOKYO,LIGHTNING MOON,J. Lopez,Leonesa,,1,0,1,500 €
417,418,LE MASSOUD (FR),DIVAMER,Mme JF Bernard,Ch. Tahnoon Bin Zayed,36.0,1,0,1,480 €
418,419,AL MAHYB (FR),AL TAIR,C. Gourdain,Ch. Faisal Al Thani,,1,0,1,470 €
419,420,ROCKY (FR),CAT JUNIOR,M. Alonso R.,Royal Gait,,1,0,1,450 €
420,421,FALKIRK (IRE),MONTJEU,O. Anaya,Rio Cubas,34.0,1,0,1,450 €
421,422,SERVET,PALAMOSS,F. Liñán,Yeguada Militar,,1,0,1,450 €
422,423,VOLATILITY SMILE (FR),MOST IMPROVED,J.A. Rodríguez,De Todo un Poco,,1,0,1,450 €
423,424,APOCOPE (FR),PALACE EPISODE,G. Vaz,L&M Racing,25.0,1,0,1,450 €
424,425,ALCIMEDA (FR),EXCELEBRATION,J.M. Osorio,Duque de Alburquerque,,1,0,1,450 €
425,426,MARAVEDI (IRE),KINGSTON HILL,A. Carrasco,Odisea,,1,0,1,400 €
426,427,LITTLEBECK LADY (GB),SIR PERCY,B. Rama,Jimena,19.5,1,0,1,400 €
427,428,NOCTU (POR),BUGATTI,I. Elarre,Alvela,26.0,1,0,1,400 €
428,429,TIMPLE CANARIAS (IRE),BORN TO SEA,O. Anaya,Los Hurones Gran Canaria,32.0,1,0,1,400 €
429,430,NA RUA (POR),BUGATTI,J. Calderón,Mild West,,1,0,1,400 €
430,431,RISSMEIL KOBARON,LATE TELEGRAPH,R. Avial,Rober,25.0,1,0,1,400 €
431,432,EMILE (GB),DREAM AHEAD,T. Martins,Siempre Fani,25.0,1,0,1,400 €
432,433,SOCRATES (GB),DICK TURPIN,J.C. Cerqueira,Canarias,,1,0,1,400 €
433,434,MALASSIAN (GB),AUSTRALIA,E. Leon,Marques de Miraflores,,1,0,1,400 €
434,435,HANNA,HELMET,J.C. Rosell,Merydeis,27.5,1,0,1,400 €
435,436,TANNHAUSER (IRE),DAWN APPROACH,G. Arizkorreta,Yeguada AGF,29.5,1,0,1,400 €
436,437,VETONA (IRE),RODERIC O'CONNOR,J.L. Maroto,Tolosana,35.5,1,0,1,400 €
437,438,HARD FACE,ELZAAM,A. Soto,Nunca se sabe,30.5,1,0,1,400 €
438,439,REPORTEUR (FR),REPLY,D. Lopez F.,Calejaña,27.0,1,0,1,350 €
439,440,LOCHFIELD (IRE),SIXTIES ICON,E. Puente,El Sable,14.5,1,0,1,350 €
440,441,MISS TUFIA,LUCAYAN,E. Puente,Gutiérrez La Serna,18.5,1,0,1,350 €
441,442,LAGERTHA GIBRALTAR (FR),PRINCE GIBRALTAR,M. Comas,Samalassa,26.5,1,0,1,350 €
442,443,SABIRAH (FR),NIZAM,C. Gourdain,Ec. Royales D'Oman,,1,0,1,310 €
443,444,OCTAVIA MINOR (USA),NOBLE MISSION,J. Lopez,Turf La Gare,25.0,1,0,1,250 €
444,445,CLAIM THE LADY (IRE),ACCLAMATION,O. Anaya,Tinerfe,,1,0,1,250 €
445,446,MINOVIA,CARADAK,J.C. Cerqueira,Zul,29.5,1,0,1,250 €
446,447,CORMOLAIN (FR),RAJSAMAN,M. Gomes,Helena Abreu,,1,0,1,250 €
447,448,MANTRA (FR),ELVSTROEM,G. Madero,Jayjo,,1,0,1,250 €
448,449,PIROGGE (FR),MAXIOS,E. Leon,William Armitage,,1,0,1,250 €
449,450,AMJIZ DE PIBOUL (FR),MUNJIZ,Mme JF Bernard,Marcel Mezy,48.5,1,0,1,240 €
450,451,HALWICHA DE BOZOULS (FR),MAHABB,Mme JF Bernard,Marcel Mezy,,1,0,1,230 €
451,452,AYAMONTE (FR),WHIPPER,J. Oliveira,Ecurie JNK,23.5,1,0,1,200 €
452,453,SANDY DUKE (FR),DUKE OF MARMALADE,J. Oliveira,Maia Lidador,21.5,1,0,1,200 €
453,454,NIAGARA,VIVA A FRANCA,J. Horcajada,Yeguada Cortiñal,21.5,1,0,1,200 €
454,455,POPOTA (GB),MIZZEN MAST,M. Alvarez,Celso Mendez,21.0,1,0,1,200 €
455,456,SON BOU (GB),MEDICEAN,E. Leon,Tonetti Racing,38.5,1,0,1,200 €
